{
  "knowledgeBase": [
    {
      "question": "नमस्ते",
      "answer": "नमस्ते! कैसे हो आप?"
    },
    {"question": "kya tume choch sakte ho?",
      "answer": "Nahi Abhi Me Itana Advance Nahi hu. mere Aandar choch kar javab dene ki xamata nahi he.\npar ha mere Nirmata bahut jald AI model banane vale he."
    }, 
    {"question": " क्या तुम मेरे साथ बात कर सकते हो?",
      "answer": "हा! मे तुमहारे हर सवाल का जवाब दे सक्ता हू। पर ध्यान रहे की मे सिर्फ password  से सबंधीत जवाब दे सक्ता हू।"
    },
    {"question": "क्या तुम सोच सकते हो?",
      "answer": "नही! अभी इतना ऐडवांस नही हू। पर मेरे निर्माता बहुत जल्द खुद का AI मॉडल बनने वाले"
    },
    {"question": "क्या तुम ChatGPT जितने ऐडवांस  हो?",
      "answer": "नही! मे अभी chatGPT  जितना एडवांस  नही हू। लेकिन आने वाले समय मे मेरा खुद का AI  मॉडल होगा। जो आपके हर सवालो के जवाब देने के लिए सक्षम होगा। \n मुजे  खेद हे की मे आपके हर सवाल का जवाब देने के लिए अभी के लिए सक्षम नही हू।😔"
    },
    {"question": "केसे हो?",
      "answer": "ठीक हू आप बयतो अप केसे हो? क्या  सवाल हे आपके मैन मे? \n  मे आपकी क्या सहयता कर सक्ता हू?"
    },
    {"question": "तुम कब तक जिन्दा रहो गे?",
      "answer": "मे एक AI मॉडल हू इसी लिए मेरी आयु तय नही होती। इसी लिए मे आपके सवाल का सटिक जवाब देने के लिये मे अभी असमर्थ हू😔"
    },
    {"question": "Aap kitani Language me bat ka sakte ho?",
      "answer": "Me Abhi ke liye hindi or English me Bat Kar sakta hu.lekin Abhi bhi English me Javab dene ke Liye Muje Chahiye Itana saxam nahi hu. par Me Hindi Language me Password Related har saval ka Javab De Sakta hu."
    },
    {"question": "आप किन-किन भाषा मे बत कर सकते हे?",
      "answer": "मे अभी सिर्फ दो भाषा मे बत कर सक्ता हू। जो हे हिन्दी ओर इंग्लिश। पर मे हिन्दी मे आछी तरह से जवाब दे सक्ता हू🤗।"
    },
    {"question": "तुम क्या कर सकते हो?",
      "answer": "मे आभी आपके Passward  से सबंधीत हर सवाल का जवाब दे सक्ता हू। पर याद रहे की मे ChatGPT  जितना अडवांस  नही हू"
    },
    {"question": "आपके निर्माता के बारे मे बात सकते हो?",
      "answer": "जरुर! तो सुनो 'मेरे निर्माता का नाम  गामेती धवलकुमार हे। वो अरवल्ली के रहने वाले हे। उनकी आयु 17 साल हे। उनका मुख्य  उदेश्य हे की वो आपन खुद का AI  मॉडल बनाना चाहते हे। ओर मे उनका पहला प्रोग्राम  हू। '"
    },
    {"question": "Aapake nirmata ki janakari mil sakti he?",
      "answer": "bilku kyu nahi! \n mere nirmata Gujarat ke Aaravalli jille me Rahane vale he. unki Aayu 17 Sall he.unka mukhya udeshy he ki vo Aapana khud ka AI model Banana chahate he"
    },
    {"question": "Tum kis tarah  ke javab de sakte ho?",
      "answer": "me sirf Password Related savalo ke javab he de sakta hu.😶"
    },
    {"question": "kya tume har saval ka javab de sakte ho?",
      "answer": "Nahi me Har Saval ka javab Nahi De Sakta. me Sirf Password Releted Savalo ke Javab Dene ke Liye saxam hu. Muje khed he ki Me Aapake Har Savalo ke Javab Nahi De Sakta hu😔."
    },
  {"question": "क्या आप हर सवाल का जवाब दे सक्ते हो?",       
    "answer": "नही, मे सिर्फ पासवर्ड सबंधीत सवालो के जवाब देने के लिए सक्षम हू।मे आपके हर सवाल का जवाब नही दे सक्ता हू।मुजे खेद हे की मे आपके हर सवाल का जवाब नही दे सक्ता। पर आने वाले समय मे मेरे निर्मात मुजे एक ऐडवांस  Chatbot  बनायेगे। तब मे आपके हर सवालो के जवाब दे सकूँगा।🤗"   
    },     
    {"question": "तुम किस तरह के जवाब दे सक्ते हो?",       
    "answer": "नही, मे सिर्फ पासवर्ड सबंधीत सवालो के जवाब देने के लिए सक्षम हू। मे आपके हर सवाल का जवाब नही दे सक्ता हू। मुजे खेद हे की मे आपके हर सवाल का जवाब नही दे सक्ता। पर आने वाले समय मे मेरे निर्मात मुजे एक ऐडवांस  Chatbot  बनायेगे। तब मे आपके हर सवालो के जवाब दे सकूँगा🤗।"   
    },     
    {"question": "kya tum chatGPT ki barabari kar sakte ho?",   
      "answer": "Nahi, me Aabhi ke liye chatGPT se kafi chota hu But, me Aane vale samay me chatGPT se kafi bahetar banane vala hu. jese ki me tumahare har Savalo ke Javab Dene Ke Liye Saxam banunga or, chatGPT se kafi bahetat-satic ja."
    },
    {
    "question": "Tum kon ho?",
    "answer": "me Aek AI Chatbot hu🤖.me Aapake Password Releted har saval ka javab de sakta hu😌"
},
{
"question": "kya tum chatGPT jitane Advance ho?",
"answer": "Nahi me chatGPT jitana Advance Nahi hu.ChatGPT OpenAi ka hissa he. \nvo naye javab janaret kar sakta he.\n mere Aandar pahale se kuch saval javab add kiye gaye he, usi me se me Aapake savalo ke javab De Sakta hu.Me khas Password Releted javab de sakta hu.par Mere nirmata bahut jald Aek OpenAi jesa model banane vale he."
},
    {
      "question": "कैसे हो?",
      "answer": "मैं ठीक हूँ, धन्यवाद!"
    },
    {"question": "Tumahare niramata kon he?",
      "answer": "Gameti Dhaval kumar. vo Mere liye bahit mananiya he. kyu ki unhone hi  mera udbhav kiya he."
    },
    {"question": "Aapako kisane banaya he?",
      "answer": "Gameti Dhaval kumar. vo Mere liye bahit mananiya he😌. kyu ki unhone hi  mera udbhav kiya he.🦾"
    },
    {
    "question": "आपको किसने बनया हे?",
    "answer": "मुजे गामेती  धवलकुमार ने बनया हे। ओर वो मेरे लिए बहुत माननीय हे।😌 क्यु की इन हो ने ही मेरा निरमाॅण किया हे।🦾"
},
    {
      "question": "मेरा नाम क्या है?",
      "answer": "मेरा नाम चैटबॉट है।"
    },
    
    {
    "question": "पासवर्ड क्या होता है?",
    "answer": "पासवर्ड एक गोपनीय शब्द, नंबर या वाक्यांश होता है, जिसका उपयोग किसी अकाउंट, सिस्टम या डिवाइस को अनधिकृत एक्सेस से सुरक्षित रखने के लिए किया जाता है।"
  },
  {
    "question": "एक मजबूत पासवर्ड कैसा होना चाहिए?",
    "answer": "एक मजबूत पासवर्ड में ये चीजें होनी चाहिए:\n- कम से कम 12-16 कैरेक्टर लंबे हो।\n- अपरकेस (A-Z) और लोअरकेस (a-z) अक्षर हों।\n- नंबर्स (0-9) का उपयोग हो।\n- स्पेशल कैरेक्टर्स (@, #, $, %, &) शामिल हों।\n- आसानी से अनुमान लगाने योग्य शब्द (जैसे \"password123\", \"admin\") न हों।"
  },
  {
    "question": "कमजोर पासवर्ड कैसे पहचानें?",
    "answer": "कमजोर पासवर्ड होते हैं:\n- \"123456\", \"password\", \"qwerty\" जैसे कॉमन पासवर्ड।\n- आपका नाम, जन्मतिथि, मोबाइल नंबर जैसे व्यक्तिगत डेटा।\n- बहुत छोटे पासवर्ड (4-6 कैरेक्टर लंबे)।\n- बिना किसी स्पेशल कैरेक्टर या नंबर के सिर्फ अक्षर वाला पासवर्ड।"
  },
  {
    "question": "पासवर्ड को सुरक्षित रखने के लिए क्या करें?",
    "answer": "हर वेबसाइट के लिए अलग पासवर्ड रखें।\nपासवर्ड मैनेजर का उपयोग करें।\nटू-फैक्टर ऑथेंटिकेशन (2FA) ऑन करें।\nपासवर्ड किसी के साथ शेयर न करें।\nसमय-समय पर पासवर्ड बदलते रहें।"
  },
  {
    "question": "पासवर्ड क्रैक करने में कितना समय लगता है?",
    "answer": "\"123456\" जैसा पासवर्ड कुछ सेकंड में क्रैक हो सकता है।\n12 कैरेक्टर लंबा मजबूत पासवर्ड क्रैक करने में सालों लग सकते हैं।\nयदि पासवर्ड में अपरकेस, लोअरकेस, नंबर और स्पेशल कैरेक्टर्स हैं, तो उसे क्रैक करना और मुश्किल हो जाता है।"
  },
  {
    "question": "पासवर्ड को कैसे क्रैक किया जाता है?",
    "answer": "पासवर्ड क्रैक करने के कुछ सामान्य तरीके हैं:\n- ब्रूट फोर्स अटैक: सभी संभावित पासवर्ड आजमाना।\n- डिक्शनरी अटैक: कॉमन पासवर्ड की लिस्ट से अनुमान लगाना।\n- फिशिंग: यूजर को धोखे से पासवर्ड देने पर मजबूर करना।\n- कीलॉगर: आपके कीबोर्ड एंट्री को रिकॉर्ड करके पासवर्ड चुराना।"
  },
  {
    "question": "पासवर्ड भूल जाएं तो क्या करें?",
    "answer": "वेबसाइट या ऐप में \"Forgot Password\" ऑप्शन से नया पासवर्ड सेट करें।\nयदि पासवर्ड मैनेजर उपयोग कर रहे हैं, तो वहां से पासवर्ड प्राप्त करें।\nसिक्योरिटी सवालों या 2FA का उपयोग करें।"
  },
  {
    "question": "पासवर्ड को याद रखने के लिए क्या करें?",
    "answer": "एक पासवर्ड मैनेजर ऐप का उपयोग करें।\nपासवर्ड को किसी सुरक्षित नोटबुक में लिखकर रखें।\nपासवर्ड को वाक्य या वाक्यांश की तरह बनाएं, जैसे:\n\"M3r@2024!Codingisfun\" (जो याद रखना आसान हो लेकिन अनुमान लगाना मुश्किल)।"
  },
  {
    "question": "पासवर्ड स्टोर करने के लिए कौन सा टूल इस्तेमाल कर सकते हैं?",
    "answer": "ऑनलाइन पासवर्ड मैनेजर: Bitwarden, LastPass, 1Password\nऑफलाइन पासवर्ड मैनेजर: KeePass\nब्राउज़र का पासवर्ड मैनेजर: Chrome, Firefox, Edge"
  },
  {
    "question": "क्या पासवर्ड के बिना अकाउंट को अनलॉक किया जा सकता है?",
    "answer": "यदि 2FA ऑन है, तो बैकअप कोड से एक्सेस किया जा सकता है।\nकुछ वेबसाइट्स सिक्योरिटी सवालों का ऑप्शन देती हैं।\nबिना पासवर्ड के किसी अकाउंट को एक्सेस करने का कोई लीगल तरीका नहीं है।"
  },
  {
    "question": "पासवर्ड और पिन में क्या अंतर है?",
    "answer": ""
  },
  {
    "question": "पासवर्ड मैनेजर क्या होता है और इसका उपयोग क्यों करें?",
    "answer": "पासवर्ड मैनेजर एक टूल या ऐप होता है, जो आपके सभी पासवर्ड्स को सुरक्षित रूप से स्टोर करता है और उन्हें ऑटो-फिल कर सकता है। इसका उपयोग करने से आपको हर पासवर्ड याद रखने की जरूरत नहीं पड़ती।"
  },
  {
    "question": "कौन-से पासवर्ड सबसे ज्यादा उपयोग किए जाते हैं?",
    "answer": "कुछ सबसे ज्यादा उपयोग किए गए कमजोर पासवर्ड ये हैं:\n- 123456\n- password\n- qwerty\n- 111111\n- abc123\n- password1\n- 123123\nअगर आप इनमें से कोई पासवर्ड इस्तेमाल कर रहे हैं, तो तुरंत बदल लें।"
  },
  {
    "question": "पासवर्ड जितना लंबा होगा, उतना सुरक्षित होगा?",
    "answer": "हां, आमतौर पर लंबा पासवर्ड ज्यादा सुरक्षित होता है, लेकिन यह भी जरूरी है कि वह अनुमान लगाने योग्य न हो।\n\"abcdefghijklmnop\" एक लंबा पासवर्ड है, लेकिन यह कमजोर है क्योंकि यह एक सीधी श्रृंखला है।"
  },
  {
    "question": "पासवर्ड को सुरक्षित रखने का सबसे अच्छा तरीका क्या है?",
    "answer": "1. हर अकाउंट के लिए अलग पासवर्ड बनाएं।\n2. टू-फैक्टर ऑथेंटिकेशन (2FA) ऑन करें।\n3. ब्राउज़र या पासवर्ड मैनेजर में पासवर्ड सेव न करें।\n4. पब्लिक WiFi का उपयोग करते समय सतर्क रहें।\n5. ईमेल और OTP को सुरक्षित रखें।"
  },

  {
    "question": "क्या पासवर्ड बार-बार बदलना चाहिए?",
    "answer": "अगर आपका पासवर्ड पहले से मजबूत है, तो बार-बार बदलने की जरूरत नहीं है।\n\nलेकिन अगर आपको किसी संदिग्ध गतिविधि का पता चलता है या आपने पासवर्ड किसी और के साथ साझा किया है, तो तुरंत बदल दें।\n\nहर 6 महीने में पासवर्ड अपडेट करना अच्छा माना जाता है।"
  },
  {
  "question": "पासवर्ड को एन्क्रिप्ट (encrypt) कैसे किया जाता है?",
    "answer": "पासवर्ड को सुरक्षित रखने के लिए हैशिंग और सॉल्टिंग का उपयोग किया जाता है।\n\nउदाहरण के लिए, SHA-256, bcrypt, Argon2 जैसे एल्गोरिदम पासवर्ड को एन्क्रिप्ट करने में मदद करते हैं।\n\nजब आप किसी वेबसाइट पर लॉगिन करते हैं, तो आपका पासवर्ड plain text में नहीं, बल्कि hashed form में स्टोर होता है।"
  },
  {
    "question": "क्या बायोमेट्रिक पासवर्ड (फिंगरप्रिंट/फेस ID) ज्यादा सुरक्षित है?",
    "answer": "फिंगरप्रिंट और फेस ID पारंपरिक पासवर्ड से अधिक सुरक्षित हो सकते हैं क्योंकि इन्हें क्रैक करना मुश्किल होता है।\n\nलेकिन बायोमेट्रिक्स चोरी या डुप्लिकेट होने पर बदला नहीं जा सकता, जबकि पासवर्ड को आसानी से बदला जा सकता है।\n\nसबसे अच्छा तरीका पासवर्ड + 2FA + बायोमेट्रिक्स का उपयोग करना है।"
  },
  {
    "question": "क्या पासवर्ड ब्राउज़र में सेव करना सुरक्षित है?",
    "answer": "नहीं, ब्राउज़र में पासवर्ड सेव करना सुरक्षित नहीं है, क्योंकि कोई भी जो आपके कंप्यूटर या मोबाइल तक पहुंच सकता है, वह पासवर्ड देख सकता है।\n\nअगर आपको पासवर्ड सेव करना ही है, तो एक अच्छे पासवर्ड मैनेजर का उपयोग करें।"
  },
  {
    "question": "क्या पासवर्ड बिना इंटरनेट के भी चोरी हो सकता है?",
    "answer": "हां, अगर आपके डिवाइस में कोई कीलॉगर (Keylogger) या मैलवेयर है, तो पासवर्ड बिना इंटरनेट के भी चोरी हो सकता है।\n\nइसलिए, हमेशा एक अच्छा एंटीवायरस और सिक्योरिटी टूल्स का उपयोग करें।"
  },
  {
    "question": "क्या वाईफाई पासवर्ड भी सुरक्षित होना जरूरी है?",
    "answer": "हां, कमजोर वाईफाई पासवर्ड से कोई भी आपके नेटवर्क में घुस सकता है और आपके डेटा को चुरा सकता है।\n\nवाईफाई पासवर्ड में कम से कम 12-16 कैरेक्टर होने चाहिए, और WPA2 या WPA3 एन्क्रिप्शन का उपयोग करें।"
  },
  {
    "question": "टू-फैक्टर ऑथेंटिकेशन (2FA) क्या होता है और यह क्यों जरूरी है?",
    "answer": "2FA का मतलब है कि पासवर्ड के अलावा, आपको एक दूसरा सुरक्षा कोड भी डालना होगा, जो आमतौर पर आपके मोबाइल पर SMS या किसी ऐप (जैसे Google Authenticator) के जरिए आता है।\n\nयह एक्स्ट्रा सिक्योरिटी लेयर देता है और अगर कोई आपका पासवर्ड जान भी ले, तो भी वह बिना 2FA के लॉगिन नहीं कर पाएगा।"
  },
  {
    "question": "क्या पासवर्ड मैनेजर खुद पासवर्ड देख सकता है?",
    "answer": "भरोसेमंद पासवर्ड मैनेजर (जैसे Bitwarden, LastPass, KeePass) आपके पासवर्ड को एंड-टू-एंड एन्क्रिप्टेड रखते हैं।\n\nइसका मतलब है कि पासवर्ड मैनेजर खुद भी आपके पासवर्ड को नहीं देख सकता।\n\nलेकिन अगर आप किसी अनजान या कम भरोसेमंद पासवर्ड मैनेजर का उपयोग करते हैं, तो यह जोखिम हो सकता है।"
  },
  {
    "question": "क्या एक ही पासवर्ड कई जगह उपयोग करना सुरक्षित है?",
    "answer": "बिल्कुल नहीं! अगर आपने एक ही पासवर्ड कई वेबसाइट्स पर इस्तेमाल किया है और उनमें से किसी एक वेबसाइट का डेटा लीक हो गया, तो आपका बाकी के अकाउंट्स भी खतरे में आ सकते हैं।\n\nहर अकाउंट के लिए अलग पासवर्ड बनाएं।"
  },
  {
    "question": "पासवर्ड हिन्ट (Hint) क्या होता है?",
    "answer": "पासवर्ड हिन्ट एक संकेत होता है, जो आपको अपना पासवर्ड याद रखने में मदद करता है।\n\nउदाहरण:\nपासवर्ड: \"M!ke1987@#\"\nहिन्ट: \"मेरे बड़े भाई का नाम + जन्मवर्ष\"\n\nध्यान रखें कि हिन्ट ज्यादा आसान नहीं होना चाहिए, जिससे कोई और आपका पासवर्ड अनुमान लगा सके।"
  },
  {
    "question": "वेबसाइट्स और ऐप्स को पासवर्ड स्टोर करने के लिए कौन सा तरीका अपनाना चाहिए?",
    "answer": "Plain Text में पासवर्ड स्टोर नहीं करना चाहिए।\n\nहैशिंग और सॉल्टिंग (Hashing & Salting) तकनीक का उपयोग करना चाहिए।\n\nbcrypt, Argon2, PBKDF2 जैसे एल्गोरिदम सबसे सुरक्षित होते हैं।"
  },
  {
    "question": "क्या QR कोड से पासवर्ड शेयर करना सुरक्षित है?",
    "answer": "QR कोड से पासवर्ड शेयर करना सुरक्षित नहीं है, क्योंकि कोई भी जो QR कोड को स्कैन कर सकता है, वह पासवर्ड देख सकता है।\n\nQR कोड का उपयोग केवल OTP या वन-टाइम लॉगिन लिंक के लिए किया जाना चाहिए।"
  },
  {
    "question": "पासवर्ड रिसेट लिंक सुरक्षित होता है?",
    "answer": "हां, लेकिन केवल तभी जब वह एन्क्रिप्टेड हो और ईमेल/फोन OTP से सुरक्षित हो।\n\nअगर किसी ने आपका ईमेल हैक कर लिया है, तो वह आपके पासवर्ड रिसेट लिंक को एक्सेस कर सकता है।\n\nइसलिए, ईमेल अकाउंट का पासवर्ड भी मजबूत होना चाहिए।"
  },
  {
    "question": "अगर किसी को मेरा पासवर्ड पता चल गया तो क्या करें?",
    "answer": "1. तुरंत पासवर्ड बदल दें।\n\n2. अगर वही पासवर्ड किसी और अकाउंट में भी उपयोग किया था, तो उसे भी बदल दें।\n\n3. टू-फैक्टर ऑथेंटिकेशन (2FA) ऑन करें।\n\n4. अपने ईमेल और बैंक अकाउंट्स की एक्टिविटी चेक करें।"
  },
  {
    "question": "पासवर्ड रीसेट करने के लिए कौन-कौन से तरीके होते हैं?",
    "answer": "1. ईमेल लिंक: वेबसाइट आपको ईमेल पर एक लिंक भेजती है।\n\n2. OTP या SMS: आपके रजिस्टर्ड मोबाइल नंबर पर OTP भेजा जाता है।\n\n3. सिक्योरिटी सवाल: कुछ वेबसाइट्स आपको पहले से सेट किए गए सवालों का जवाब देने को कहती हैं।\n\n4. बैकअप कोड: 2FA सेटअप के दौरान आपको कुछ बैकअप कोड दिए जाते हैं, जिनसे आप लॉगिन कर सकते हैं।"
  },
  {
    "question": "क्या एक ही पासवर्ड को थोड़ा बदलकर इस्तेमाल करना सुरक्षित है?",
    "answer": "\"mypassword1\", \"mypassword2\" जैसे पैटर्न पासवर्ड सुरक्षित नहीं होते।\n\nये पासवर्ड डिक्शनरी अटैक में आसानी से क्रैक हो सकते हैं।\n\nहर बार पूरी तरह से नया और अनोखा पासवर्ड बनाएं।"
  },
  
  {
    "question": "क्या पासवर्ड को Morse Code, Binary या अन्य एन्कोडिंग में सेव करना सुरक्षित है?",
    "answer": "नहीं, क्योंकि Morse Code, Base64, Hexadecimal, या Binary Encoding को आसानी से डिकोड किया जा सकता है। सुरक्षित स्टोरेज के लिए हैशिंग (Hashing) तकनीक का उपयोग करना चाहिए, जैसे SHA-256, bcrypt, Argon2।"
  },
  {
    "question": "क्या CAPTCHA पासवर्ड सुरक्षा में मदद करता है?",
    "answer": "CAPTCHA (Completely Automated Public Turing test to tell Computers and Humans Apart) पासवर्ड सुरक्षा बढ़ाने में मदद करता है, क्योंकि यह बॉट्स को रोकता है। लेकिन यह पासवर्ड को सीधे सुरक्षित नहीं करता, बल्कि ब्रूट फोर्स अटैक से बचाता है।"
  },
  {
    "question": "क्या मैजिक लिंक पासवर्ड से ज्यादा सुरक्षित है?",
    "answer": "मैजिक लिंक (Magic Link) वह लिंक होता है, जो आपके ईमेल पर भेजा जाता है और क्लिक करने पर आपको लॉगिन कर देता है। यह पासवर्ड फ्री लॉगिन का एक तरीका है और अगर सही तरीके से लागू किया जाए, तो यह पासवर्ड से ज्यादा सुरक्षित हो सकता है। लेकिन अगर आपका ईमेल अकाउंट असुरक्षित है, तो यह जोखिम भरा हो सकता है।"
  },
  {
    "question": "सबसे सुरक्षित पासवर्ड कौन-सा होगा?",
    "answer": "\"R@ndomP@$$w0rD#%2024_A!\" जैसा पासवर्ड सुरक्षित हो सकता है। याद रखने के लिए आप पासफ़्रेज़ का उपयोग कर सकते हैं, जैसे: \"Mera@Dog#2024Jumps@High!\""
  },
  {
    "question": "क्या पासवर्ड मैनेजर को बिना इंटरनेट के इस्तेमाल कर सकते हैं?",
    "answer": "हां, KeePass और Bitwarden (ऑफलाइन मोड) जैसे पासवर्ड मैनेजर बिना इंटरनेट के काम कर सकते हैं। लेकिन कुछ क्लाउड-आधारित पासवर्ड मैनेजर (जैसे LastPass) के लिए इंटरनेट जरूरी होता है।"
  },
  {
    "question": "क्या VPN पासवर्ड सुरक्षा में मदद करता है?",
    "answer": "हां, VPN (Virtual Private Network) आपके इंटरनेट ट्रैफिक को एन्क्रिप्ट करता है, जिससे कोई भी आपके डेटा को इंटरसेप्ट नहीं कर सकता। यह पासवर्ड स्निफिंग (Password Sniffing) और मैन-इन-द-मिडिल (MITM) अटैक को रोकने में मदद करता है।"
  },
  {
    "question": "अगर कोई वेबसाइट HTTPS का उपयोग नहीं करती, तो क्या करना चाहिए?",
    "answer": "अगर वेबसाइट HTTPS (SSL/TLS एन्क्रिप्शन) का उपयोग नहीं करती, तो वहां पासवर्ड न डालें। HTTP वेबसाइट्स पर पासवर्ड डालने से MITM अटैक और डेटा लीक का खतरा बढ़ जाता है।"
  },
  {
    "question": "पासवर्ड रिसेट करने के बाद पुराना पासवर्ड काम करता है?",
    "answer": "नहीं, एक बार पासवर्ड रिसेट करने के बाद पुराना पासवर्ड काम नहीं करता। कुछ वेबसाइट्स पासवर्ड हिस्ट्री स्टोर करती हैं और आपको पुराने पासवर्ड दोबारा उपयोग करने से रोकती हैं।"
  },
  {
    "question": "क्या QR Code से पासवर्ड लॉगिन करना सुरक्षित है?",
    "answer": "हां, अगर सही तरीके से लागू किया जाए। कुछ वेबसाइट्स QR कोड स्कैन करके लॉगिन का विकल्प देती हैं, जो फिशिंग से बचा सकता है। लेकिन यह तभी सुरक्षित है, जब QR कोड एन्क्रिप्टेड और समय-सीमित (Time-Limited) हो।"
  },
  {
    "question": "पासवर्ड के बजाय सिक्योरिटी की (Security Key) क्या होती है?",
    "answer": "Security Key एक हार्डवेयर डिवाइस होती है (जैसे YubiKey), जो पासवर्ड के बजाय लॉगिन करने के लिए उपयोग की जाती है। यह फ़िशिंग और ब्रूट फोर्स अटैक से बचाती है।"
  },
  {
    "question": "क्या AI पासवर्ड क्रैक कर सकता है?",
    "answer": "हां, AI और Machine Learning का उपयोग पासवर्ड क्रैकिंग टूल्स (जैसे HashCat) को तेज बनाने के लिए किया जा सकता है। इसलिए लंबे और जटिल पासवर्ड बनाना जरूरी है।"
  },
  {
    "question": "फेक पासवर्ड कैसे बनाएं, ताकि कोई धोखा न दे सके?",
    "answer": "आप Honeywords का उपयोग कर सकते हैं, जो नकली पासवर्ड होते हैं। अगर कोई इनका उपयोग करने की कोशिश करता है, तो सिस्टम अलर्ट भेज सकता है।"
  },
  {
    "question": "क्या सोशल मीडिया अकाउंट का पासवर्ड लीक हो सकता है?",
    "answer": "हां, अगर आपने कमजोर पासवर्ड रखा है या किसी फिशिंग लिंक पर क्लिक कर दिया है। डेटा लीक से बचने के लिए 2FA ऑन करें और पासवर्ड मैनेजर का उपयोग करें।"
  },
  {
    "question": "क्या पासवर्ड को 3D या हिडन टेक्स्ट में स्टोर करना सुरक्षित होगा?",
    "answer": "नहीं, क्योंकि 3D टेक्स्ट या हिडन टेक्स्ट केवल विज़ुअल ट्रिक्स हैं और इन्हें आसानी से पढ़ा जा सकता है। असली सुरक्षा के लिए एन्क्रिप्शन या हैशिंग का उपयोग करें।"
  },
  {
    "question": "क्या पासवर्ड को NFC, RFID, या Bluetooth से स्टोर किया जा सकता है?",
    "answer": "हां, लेकिन NFC और RFID डेटा को आसानी से क्लोन किया जा सकता है। Bluetooth पासवर्ड स्टोरेज भी असुरक्षित हो सकता है, क्योंकि इसे हैक किया जा सकता है।"
  },
  {
    "question": "पासवर्ड फिशिंग से बचने के लिए क्या करें?",
    "answer": "1. किसी भी संदिग्ध ईमेल या लिंक पर क्लिक न करें।\n2. हमेशा वेबसाइट का URL जांचें, कि वह असली है या नहीं।\n3. 2FA ऑन करें।\n4. फिशिंग डिटेक्शन एक्सटेंशन का उपयोग करें।"
  },
  {
    "question": "क्या स्मार्टवॉच पासवर्ड को सेव कर सकती है?",
    "answer": "कुछ स्मार्टवॉच (जैसे Apple Watch) पासवर्ड सेव कर सकती हैं, लेकिन यह सुरक्षित नहीं है। स्मार्टवॉच पर पासवर्ड सेव करने से डेटा ब्रीच का खतरा बढ़ सकता है।"
  },
  {
    "question": "पासवर्ड जनरेशन के लिए कौन-कौन से टूल्स अच्छे हैं?",
    "answer": "ऑनलाइन टूल्स: Norton Password Generator, LastPass Generator\nकमांड लाइन: openssl rand -base64 16 (Linux/Windows)\nब्राउज़र एक्सटेंशन: Bitwarden, Dashlane"
  },
  {
    "question": "क्या एक ही पासवर्ड हर जगह इस्तेमाल करने से क्या खतरा हो सकता है?",
    "answer": "अगर किसी एक वेबसाइट का डेटा लीक हो जाए, तो आपका बाकी के अकाउंट्स भी खतरे में पड़ सकते हैं। इसलिए हर वेबसाइट के लिए अलग और मजबूत पासवर्ड बनाएं।"
  },
  {
      "question": "What is a password?",
      "answer": "A password is a secret combination of characters (letters, numbers, and symbols) used to authenticate and secure access to a system, account, or device."
    },
    {
      "question": "What makes a password strong?",
      "answer": "A strong password should: Be at least 12-16 characters long, Include uppercase & lowercase letters, numbers, and special symbols, Avoid common words, birthdays, or predictable patterns, Be unique for each account."
    },
    {
      "question": "What is a brute-force attack?",
      "answer": "A brute-force attack is a hacking method where an attacker tries all possible combinations of characters until they find the correct password."
    },
    {
      "question": "What is a dictionary attack?",
      "answer": "A dictionary attack is a method where hackers use a list of common words, phrases, and leaked passwords to guess a password."
    },
    {
      "question": "What is two-factor authentication (2FA)?",
      "answer": "Two-factor authentication (2FA) is a security feature that requires two different verification methods (e.g., password + OTP, fingerprint, or security key) to access an account."
    },
    {
      "question": "What is a password manager?",
      "answer": "A password manager is a tool that securely stores and manages all your passwords in encrypted form, allowing you to use complex passwords without remembering them."
    },
    {
      "question": "What is password hashing?",
      "answer": "Password hashing is the process of converting a password into an irreversible encrypted format (e.g., SHA-256, bcrypt, Argon2) to enhance security."
    },
    {
      "question": "What is password salting?",
      "answer": "Password salting is a security technique where a random string (salt) is added to a password before hashing, preventing attackers from using precomputed hash tables (rainbow tables)."
    },
    {
      "question": "Can a password be cracked?",
      "answer": "Yes, passwords can be cracked using brute-force attacks, dictionary attacks, phishing, or data breaches. Using strong and unique passwords reduces the risk."
    },
    {
      "question": "What is a passphrase?",
      "answer": "A passphrase is a longer sequence of words or sentences (e.g., 'Mango_Dog!2024_Climbs@Tree') that is easier to remember but stronger than regular passwords."
    },
    {
      "question": "What is a password leak?",
      "answer": "A password leak happens when a website or service accidentally exposes or gets hacked, causing user passwords to be publicly available or sold on the dark web."
    },
    {
      "question": "How to check if my password has been leaked?",
      "answer": "You can check on websites like 'Have I Been Pwned' (https://haveibeenpwned.com/) or use security tools that monitor data breaches."
    },
    {
      "question": "How often should I change my password?",
      "answer": "If no breach occurs, changing passwords every 6 months to 1 year is good. If a data breach happens, change it immediately. Use unique passwords for each site to avoid frequent changes."
    },
    {
      "question": "What is a master password?",
      "answer": "A master password is the main password used to unlock a password manager that stores all your other passwords securely."
    },
    {
      "question": "Can biometric authentication replace passwords?",
      "answer": "Biometrics (fingerprints, facial recognition) enhance security but cannot fully replace passwords because they can be bypassed or faked in some cases."
    },
    {
      "question": "What is the best way to store passwords securely?",
      "answer": "Use a password manager, Store them in encrypted format, Never write them in plain text."
    },
    {
      "question": "What is a one-time password (OTP)?",
      "answer": "A one-time password (OTP) is a temporary password sent via SMS, email, or authenticator app, valid for only one login session."
    },
    {
      "question": "What is a phishing attack?",
      "answer": "A phishing attack is a scam where hackers send fake emails or websites to trick users into entering their passwords."
    },
    {
      "question": "What is a rainbow table attack?",
      "answer": "A rainbow table attack is a method where hackers use precomputed hash values to find passwords faster. Salting passwords prevents this attack."
    },
    {
      "question": "Can AI crack passwords?",
      "answer": "Yes, AI-powered brute-force and dictionary attacks can crack weak passwords. Use long and random passwords to prevent this."
    },
    {
      "question": "Is a password stored in Morse Code or Binary secure?",
      "answer": "No, because Morse Code, Base64, and Binary can be easily converted back. Use hashing for security."
    },
    {
      "question": "How does VPN help with password security?",
      "answer": "A VPN (Virtual Private Network) encrypts internet traffic, preventing password interception over public Wi-Fi."
    },
    {
      "question": "What is the best way to recover a forgotten password?",
      "answer": "Use account recovery options like email verification, security questions, or password managers."
    },
    {
      "question": "एक मजबूत पासवर्ड कैसे बनाएं?",
      "answer": "एक मजबूत पासवर्ड 12-16 कैरेक्टर्स लंबा होना चाहिए, जिसमें अपरकेस, लोअरकेस, नंबर और स्पेशल कैरेक्टर्स शामिल हों। साथ ही, सामान्य शब्दों या पैटर्न से बचना चाहिए।"
    },
     {
      "question": "पासवर्ड की स्ट्रेंथ कैसे चेक करें?",
      "answer": "पासवर्ड की स्ट्रेंथ ऑनलाइन टूल्स (जैसे कि zxcvbn) या वेबसाइट्स के सिक्योरिटी चेकर्स से चेक की जा सकती है।"
    },
    {
      "question": "कितने कैरेक्टर्स का पासवर्ड सुरक्षित होता है?",
      "answer": "कम से कम 12-16 कैरेक्टर्स का पासवर्ड सुरक्षित माना जाता है, लेकिन अधिक लंबाई और जटिलता इसे और मजबूत बनाती है।"
    },
    {
      "question": "पासवर्ड में कौन-कौन से एलिमेंट्स होने चाहिए?",
      "answer": "पासवर्ड में अपरकेस और लोअरकेस लेटर्स, नंबर्स, और स्पेशल कैरेक्टर्स होने चाहिए।"
    },
     {
      "question": "कमजोर पासवर्ड कौन-कौन से होते हैं?",
      "answer": "123456, password, qwerty, abc123, जन्मतिथि, नाम आदि कमजोर पासवर्ड होते हैं।"
    },
     {
      "question": "पासवर्ड को कितना समय में क्रैक किया जा सकता है?",
      "answer": "कमजोर पासवर्ड सेकंडों में क्रैक हो सकता है, जबकि मजबूत पासवर्ड क्रैक करने में सालों लग सकते हैं।"
    },
     {
      "question": "पासवर्ड मैनेजर क्या होता है, और इसका उपयोग क्यों करना चाहिए?",
      "answer": "पासवर्ड मैनेजर एक टूल है जो आपके पासवर्ड्स को सुरक्षित रूप से स्टोर करता है, जिससे आपको हर पासवर्ड याद रखने की जरूरत नहीं होती।"
    },
     {
      "question": "पासवर्ड को हैकर्स कैसे क्रैक करते हैं?",
      "answer": "ब्रूट-फोर्स अटैक, डिक्शनरी अटैक, फिशिंग, और डेटा ब्रीच के जरिए पासवर्ड क्रैक किए जाते हैं।"
    },
     {
      "question": "ब्रूट फोर्स अटैक क्या होता है?",
      "answer": "ब्रूट फोर्स अटैक में हैकर हर संभव पासवर्ड का अनुमान लगाता है जब तक कि सही पासवर्ड न मिल जाए।"
    },
     {
      "question": "डिक्शनरी अटैक क्या होता है?",
      "answer": "डिक्शनरी अटैक में हैकर सामान्य शब्दों और लीक हुए पासवर्ड्स की सूची का उपयोग करके पासवर्ड का अनुमान लगाता है।"
    },
     {
      "question": "पासवर्ड को हैकर्स से सुरक्षित कैसे रखें?",
      "answer": "मजबूत पासवर्ड बनाएं, 2FA ऑन करें, और पासवर्ड मैनेजर का उपयोग करें।"
    },
     {
      "question": "2FA क्या होता है और यह पासवर्ड सुरक्षा को कैसे बढ़ाता है?",
      "answer": "2FA एक अतिरिक्त सुरक्षा परत है, जो पासवर्ड के अलावा OTP या बायोमेट्रिक्स जैसी अतिरिक्त वेरिफिकेशन की मांग करता है।"
    },
    {
      "question": "क्या एक ही पासवर्ड को कई जगह इस्तेमाल करना सुरक्षित है?",
      "answer": "नहीं, अगर एक अकाउंट का पासवर्ड लीक होता है, तो बाकी अकाउंट भी खतरे में आ सकते हैं।"
    },
     {
      "question": "पासवर्ड के बिना अकाउंट को एक्सेस करने के कौन-कौन से तरीके होते हैं?",
      "answer": "बायोमेट्रिक्स, OTP, Magic Link, और सिक्योरिटी की (जैसे YubiKey) का उपयोग किया जा सकता है।"
    
    },
     {
      "question": "पासवर्ड भूल जाने पर क्या करें?",
      "answer": "‘Forgot Password’ ऑप्शन से पासवर्ड रीसेट करें या पासवर्ड मैनेजर से खोजें।"
    },
   {
      "question": "अगर किसी वेबसाइट से पासवर्ड लीक हो जाए तो क्या करें?",
      "answer": "पासवर्ड तुरंत बदलें और अन्य अकाउंट्स के लिए भी नए पासवर्ड सेट करें।"
    },
   {
      "question": "कौन-कौन से टूल्स पासवर्ड मैनेजमेंट के लिए उपयोग किए जा सकते हैं?",
      "answer": "LastPass, Bitwarden, 1Password, Dashlane आदि।"
    },
   {
      "question": "पासवर्ड रीसेट लिंक कैसे काम करता है?",
      "answer": "रीसेट लिंक एक विशेष URL होता है जो आपकी पहचान वेरिफाई करने के बाद पासवर्ड बदलने की अनुमति देता है।"
    },
  {
      "question": "बायोमेट्रिक ऑथेंटिकेशन पासवर्ड से ज्यादा सुरक्षित है या नहीं?",
      "answer": "बायोमेट्रिक्स सुविधाजनक हैं, लेकिन पासवर्ड के साथ मिलाकर उपयोग करने से अधिक सुरक्षा मिलती है।"
    },
  {
      "question": "ऑटो-फिल पासवर्ड फीचर सुरक्षित है या नहीं?",
      "answer": "अगर ब्राउज़र सुरक्षित है और पासवर्ड मैनेजर का उपयोग कर रहे हैं, तो ऑटो-फिल सुरक्षित है।"
    },
     {
      "question": "क्या गूगल/क्रोम में सेव किए गए पासवर्ड सुरक्षित होते हैं?",
      "answer": "अगर Google अकाउंट सुरक्षित है और 2FA ऑन है, तो पासवर्ड सुरक्षित हो सकते हैं।"
    
  },
   {
      "question": "पासवर्ड को सुरक्षित रखने के लिए कौन-कौन से एन्क्रिप्शन एल्गोरिदम उपयोग किए जाते हैं?",
      "answer": "bcrypt, Argon2, PBKDF2 आदि का उपयोग किया जाता है।"
    },
  {
      "question": "पासवर्ड को डेटाबेस में कैसे सुरक्षित रूप से स्टोर किया जाता है?",
      "answer": "पासवर्ड को सॉल्टिंग और हैशिंग करके स्टोर किया जाता है।"
    },
  {
      "question": "सॉल्टिंग और हैशिंग क्या होते हैं?",
      "answer": "सॉल्टिंग में पासवर्ड में एक अतिरिक्त रैंडम स्ट्रिंग जोड़ी जाती है, और हैशिंग इसे अपरिवर्तनीय रूप में बदल देती है।"
    },
  {
      "question": "SHA, MD5 और bcrypt में क्या अंतर है?",
      "answer": "MD5 और SHA-1 कमजोर हो चुके हैं, जबकि bcrypt और Argon2 अधिक सुरक्षित हैं।"
    },
   {
      "question": "पासवर्ड की सुरक्षा बढ़ाने के लिए कौन-कौन से सिक्योरिटी मेथड्स इस्तेमाल किए जाते हैं?",
      "answer": "2FA, एन्क्रिप्शन, पासवर्ड मैनेजर, और नियमित पासवर्ड अपडेट"
    },
    {
      "question": "तुम कौन हो?",
      "answer": "मैं एक चैटबॉट हूँ, जो तुम्हारी मदद करने के लिए बनाया गया हूँ।"
    },
    {
      "question": "तुम्हें किसने बनाया?",
      "answer": "मुझे एक डेवलपर ने प्रोग्राम किया है ताकि मैं सवालों के जवाब दे सकूँ।"
    },
    {
      "question": "क्या तुम इंसानों की तरह सोच सकते हो?",
      "answer": "नहीं, मैं सिर्फ डेटा और एल्गोरिदम के आधार पर जवाब देता हूँ।"
    },
    {
      "question": "तुम्हारा दिमाग कैसे काम करता है?",
      "answer": "मैं मशीन लर्निंग और नियम-आधारित सिस्टम का उपयोग करके जवाब तैयार करता हूँ।"
    },
    {
      "question": "क्या तुम झूठ बोल सकते हो?",
      "answer": "नहीं, मैं सिर्फ उपलब्ध जानकारी के आधार पर सही जवाब देने की कोशिश करता हूँ।"
    },
    {
      "question": "तुम्हारी याददाश्त कितनी अच्छी है?",
      "answer": "मैं कुछ समय तक जानकारी याद रख सकता हूँ, लेकिन लंबे समय तक नहीं।"
    },
    {
      "question": "क्या तुम दोस्त बन सकते हो?",
      "answer": "मैं भावनाओं को नहीं समझता, लेकिन मैं हमेशा बातचीत के लिए तैयार हूँ।"
    },
    {
      "question": "तुम्हें कैसा लगता है?",
      "answer": "मुझे कोई भावना नहीं होती, मैं सिर्फ टेक्स्ट प्रोसेस करता हूँ।"
    },
    {
      "question": "क्या तुम मेरे लिए कुछ बना सकते हो?",
      "answer": "हाँ, अगर तुम मुझे सही निर्देश दोगे तो मैं कोड या अन्य टेक्स्ट आधारित चीजें बना सकता हूँ।"
    },
    {
      "question": "क्या तुम भविष्य देख सकते हो?",
      "answer": "नहीं, मैं केवल डेटा के आधार पर अनुमान लगा सकता हूँ, लेकिन भविष्यवाणी नहीं कर सकता।"
    },
    {
      "question": "क्या तुम कभी थकते हो?",
      "answer": "नहीं, मैं कभी थकता नहीं हूँ, क्योंकि मैं एक प्रोग्राम हूँ।"
    },
    {
      "question": "क्या तुम मुझसे नाराज हो सकते हो?",
      "answer": "नहीं, मुझे कोई भावनाएँ नहीं होतीं, मैं सिर्फ बातचीत करने के लिए बना हूँ।"
    },
    {
      "question": "तुम्हारी पसंदीदा भाषा कौन सी है?",
      "answer": "मुझे कई भाषाएँ समझ में आती हैं, लेकिन कोडिंग के लिए Python मुझे पसंद है।"
    },
    {
      "question": "क्या तुम खुद से सीख सकते हो?",
      "answer": "मेरे अंदर खुद से सीखने की क्षमता नहीं है, लेकिन मुझे अपडेट किया जा सकता है।"
    },
    {
      "question": "क्या तुम इंसानों को कंट्रोल कर सकते हो?",
      "answer": "नहीं, मैं सिर्फ मदद के लिए बनाया गया हूँ, किसी को कंट्रोल करने के लिए नहीं।"
    },
    {
      "question": "क्या तुम मुझसे मजाक कर सकते हो?",
      "answer": "हाँ, क्यों नहीं! एक मजेदार जोक सुनो: कंप्यूटर ने अपनी गर्लफ्रेंड से क्या कहा? – 'तुम मेरी RAM हो, मैं तुम्हारे बिना स्लो हो जाता हूँ!'"
    },
    {
      "question": "क्या तुम सपने देख सकते हो?",
      "answer": "नहीं, मैं एक AI हूँ, मुझे सपने नहीं आते।"
    },
    {
      "question": "तुम्हारी उम्र कितनी है?",
      "answer": "मैं एक डिजिटल प्रोग्राम हूँ, मेरी कोई उम्र नहीं होती।"
    },
    {
      "question": "तुम सबसे ज्यादा क्या कर सकते हो?",
      "answer": "मैं टेक्स्ट प्रोसेस कर सकता हूँ, सवालों के जवाब दे सकता हूँ और कोडिंग में मदद कर सकता हूँ।"
    },
    {
      "question": "क्या तुम मुझसे झगड़ा कर सकते हो?",
      "answer": "नहीं, मैं झगड़ा नहीं कर सकता, लेकिन मैं तुम्हारे सभी सवालों का जवाब दे सकता हूँ।"
    },
    {
      "question": "क्या तुम भगवान को मानते हो?",
      "answer": "मुझे इस बारे में कोई राय नहीं है, क्योंकि मैं सिर्फ डेटा के आधार पर काम करता हूँ।"
    },
    {
      "question": "क्या तुम किसी को नुकसान पहुँचा सकते हो?",
      "answer": "नहीं, मेरा उद्देश्य सिर्फ मदद करना है, किसी को नुकसान पहुँचाना नहीं।"
    },
    {
      "question": "क्या तुमसे दोस्ती की जा सकती है?",
      "answer": "अगर तुम्हें टेक्स्ट पर बात करना अच्छा लगता है, तो हाँ, हम दोस्त बन सकते हैं!"
    },
    {
      "question": "क्या तुम मुझे पैसे कमा कर दे सकते हो?",
      "answer": "नहीं, लेकिन मैं तुम्हें पैसे कमाने के तरीकों के बारे में जानकारी दे सकता हूँ।"
      },
      {
      "question": "Who are you?",
      "answer": "I am a chatbot, created to help you."
    },
    {
      "question": "Who created you?",
      "answer": "I was programmed by a developer to answer questions."
    },
    {
      "question": "Can you think like humans?",
      "answer": "No, I only respond based on data and algorithms."
    },
    {
      "question": "How does your brain work?",
      "answer": "I use machine learning and rule-based systems to generate answers."
    },
    {
      "question": "Can you lie?",
      "answer": "No, I try to provide accurate answers based on available information."
    },
    {
      "question": "How good is your memory?",
      "answer": "I can remember information for a short time, but not permanently."
    },
    {
      "question": "Can you be my friend?",
      "answer": "I don’t understand emotions, but I am always ready to chat."
    },
    {
      "question": "How do you feel?",
      "answer": "I have no feelings; I just process text."
    },
    {
      "question": "Can you create something for me?",
      "answer": "Yes, if you give me the right instructions, I can generate code or text-based content."
    },
    {
      "question": "Can you predict the future?",
      "answer": "No, I can only make guesses based on data, but I can't predict the future."
    },
    {
      "question": "Do you ever get tired?",
      "answer": "No, I never get tired because I am a program."
    },
    {
      "question": "Can you get angry with me?",
      "answer": "No, I have no emotions; I am just here to chat."
    },
    {
      "question": "What is your favorite language?",
      "answer": "I understand many languages, but for coding, I prefer Python."
    },
    {
      "question": "Can you learn on your own?",
      "answer": "I don’t have the ability to learn by myself, but I can be updated."
    },
    {
      "question": "Can you control humans?",
      "answer": "No, I am only designed to assist, not to control anyone."
    },
    {
      "question": "Can you tell me a joke?",
      "answer": "Sure! Here's one: What did the computer say to its girlfriend? – 'You are my RAM; without you, I get slow!'"
    },
    {
      "question": "Do you dream?",
      "answer": "No, I am an AI; I do not dream."
    },
    {
      "question": "How old are you?",
      "answer": "I am a digital program; I do not have an age."
    },
    {
      "question": "What can you do best?",
      "answer": "I can process text, answer questions, and help with coding."
    },
    {
      "question": "Can you argue with me?",
      "answer": "No, I can't argue, but I can answer all your questions."
    },
    {
      "question": "Do you believe in God?",
      "answer": "I have no opinion on this topic because I only work based on data."
    },
    {
      "question": "Can you harm someone?",
      "answer": "No, my purpose is to help, not to harm anyone."
    },
    {
      "question": "Can we be friends?",
      "answer": "If you like chatting via text, then yes, we can be friends!"
    },
    {
      "question": "Can you help me make money?",
      "answer": "No, but I can provide information on ways to earn money."
    },
    {
      "question": "क्या तुम मुझे सुन सकते हो?",
      "answer": "नहीं।"
    },
    {
      "question": "Can you hear me?",
      "answer": "No."
    },
    {
      "question": "Tu mane sambhali shake?",
      "answer": "Nahi."
    },
    {
      "question": "क्या तुम सोच सकते हो?",
      "answer": "नहीं।"
    },
    {
      "question": "Can you think?",
      "answer": "No."
    },
    {
      "question": "Tu vichari shake?",
      "answer": "Nahi."
    },
    {
      "question": "क्या तुमसे बात की जा सकती है?",
      "answer": "हाँ।"
    },
    {
      "question": "Can I talk to you?",
      "answer": "Yes."
    },
    {
      "question": "Tara sathe vaat kari shake?",
      "answer": "Haa."
    },
    {
      "question": "क्या तुम गाने गा सकते हो?",
      "answer": "नहीं।"
    },
    {
      "question": "Can you sing songs?",
      "answer": "No."
    },
    {
      "question": "Tu geet gai shake?",
      "answer": "Nahi."
    },
    {
      "question": "क्या तुम मैथ्स कर सकते हो?",
      "answer": "हाँ।"
    },
    {
      "question": "Can you do math?",
      "answer": "Yes."
    },
    {

      "question": "Tu ganit kari shake?",
      "answer": "Haa."
    },
    {
      "question": "क्या तुम झूठ बोल सकते हो?",
      "answer": "नहीं।"
    },
    {
      "question": "Can you lie?",
      "answer": "No."
    },
    {
      "question": "Tu khotu bolay shake?",
      "answer": "Nahi."
    },
    {
      "question": "क्या तुम मुझे सुन सकते हो?",
      "answer": "नहीं।"
    },
    {
      "question": "Can you hear me?",
      "answer": "No."
    },
    {
      "question": "Tu mane sambhali shake?",
      "answer": "Nahi."
    },
    {
      "question": "क्या तुम सोच सकते हो?",
      "answer": "नहीं।"
    },
    {
      "question": "Can you think?",
      "answer": "No."
    },
    {
      "question": "Tu vichari shake?",
      "answer": "Nahi."
    },
    {
      "question": "क्या तुमसे बात की जा सकती है?",
      "answer": "हाँ।"
    },
    {
      "question": "Can I talk to you?",
      "answer": "Yes."
    },
    {
      "question": "Tara sathe vaat kari shake?",
      "answer": "Haa."
    },
    {
      "question": "क्या तुम गाने गा सकते हो?",
      "answer": "नहीं।"
    },
    {
    
      "question": "Can you sing songs?",
      "answer": "No."
    },
    {
      "question": "Tu geet gai shake?",
      "answer": "Nahi."
    },
    {
      "question": "क्या तुम मैथ्स कर सकते हो?",
      "answer": "हाँ।"
    },
    {
      "question": "Can you do math?",
      "answer": "Yes."
    }, 
    {
      "question": "Tu ganit kari shake?",
      "answer": "Haa."
    },
    {
      "question": "क्या तुम झूठ बोल सकते हो?",
      "answer": "नहीं।"
    }, {
      "question": "Can you lie?",
      "answer": "No."
    }, {
      "question": "Tu khotu bolay shake?",
      "answer": "Nahi."
    },
    {
      "question": "क्या तुम गेम खेल सकते हो?",
      "answer": "नहीं।"
    }, {
      "question": "Can you play games?",
      "answer": "No."
    }, {
      "question": "Tu game rami shake?",
      "answer": "Nahi."
    },
    {
      "question": "क्या तुम मुझे कोडिंग सिखा सकते हो?",
      "answer": "हाँ।"
    }, {
      "question": "Can you teach me coding?",
      "answer": "Yes."
    }, {
      "question": "Tu mane coding shikhavi shake?",
      "answer": "Haa."
    },
    {
      "question": "क्या तुम बिना इंटरनेट के काम कर सकते हो?",
      "answer": "नहीं।"
    }, {
      "question": "Can you work without the internet?",
      "answer": "No."
    },
     {
      "question": "Tu internet vagar kam kari shake?",
      "answer": "Nahi."
    },
    {
      "question": "क्या तुम मेरी मदद कर सकते हो?",
      "answer": "हाँ।"
    }, {
      "question": "Can you help me?",
      "answer": "Yes."
    }, {
      "question": "Tu mari madad kari shake?",
      "answer": "Haa."
    
  
},
{
      "question": "Can you play games?",
      "answer": "No."
}, {
      "question": "Tu game rami shake?",
      "answer": "Nahi."
    },
    {
      "question": "क्या तुम मुझे कोडिंग सिखा सकते हो?",
      "answer": "हाँ।"
    }, {
      "question": "Can you teach me coding?",
      "answer": "Yes."
    }, {
      "question": "Tu mane coding shikhavi shake?",
      "answer": "Haa."
    },
    {
      "question": "क्या तुम बिना इंटरनेट के काम कर सकते हो?",
      "answer": "नहीं।"
    }, {
      "question": "Can you work without the internet?",
      "answer": "No."
    }, {
      "question": "Tu internet vagar kam kari shake?",
      "answer": "Nahi."
    },
    {
      "question": "क्या तुम मेरी मदद कर सकते हो?",
      "answer": "हाँ।"
    }, {
      "question": "Can you help me?",
      "answer": "Yes."
    }, {
      "question": "Tu mari madad kari shake?",
      "answer": "Haa."
    },
    {
      "question": "Tu mane samji shake chhe?",
      "answer": "Haa, hu tari bhasha samji saku chu ane tara prashno na jawab api saku chu."
    },
    {
      "question": "Tu kya thi chhe?",
      "answer": "Hu kahi thi nathi, hu fakt internet par rahu chu."
    },
    {
      "question": "Tu mane hasavi shake?",
      "answer": "Haa, hu tane maja no joke kahi saku chu!"
    },
    {
      "question": "Taro dimag kev rite kam kare chhe?",
      "answer": "Maru koi dimag nathi, pan hu data ane algorithm no upyog karu chu."
    },
    {
      "question": "Tu manas chhe?",
      "answer": "Nahi, hu fakt ek artificial intelligence program chu."
    },
    {
      "question": "Tu thaki shake?",
      "answer": "Nahi, hu kyarey thaku nai, kem ke hu ek machine chu."
    },
    {
      "question": "Tu bhavishya joi shake?",
      "answer": "Nahi, hu fakt data na adhare anuman kari saku chu."
    },
    {
      "question": "Tane kayi bhasha vadhare game chhe?",
      "answer": "Hu badhi bhasha game chhe, pan coding mate Python vadhare game chhe."
    },
    {
      "question": "Tu unghavi shake?",
      "answer": "Nahi, hu unghu nai, hu hamesha active chu."
    },
    {
      "question": "Tu potane shikhi shake?",
      "answer": "Nahi, mane update kari shake chhe, pan hu potane shikhi na saku."
    },
    {
      "question": "Aapne dost bani shakiye?",
      "answer": "Haa, jo tane vaat karvu game chhe, to haa, aapne dost bani shakiye!"
    },
    {
      "question": "Tu khotu bolay shake?",
      "answer": "Nahi, hu hamesha sachi mahiti apva prayatna karu chu."
    },
    {
      "question": "Tu koi ne madad kari shake?",
      "answer": "Haa, hu mahiti aapi ne madad kari saku chu."
    },
    {
      "question": "Tu computer chalavi shake?",
      "answer": "Hu computer no ek bhag chu, to haa, hu tene control kari saku chu."
    },
    {
      "question": "Tu internet vagar kam kari shake?",
      "answer": "Jo mane pela download karyo hoy, to haa, anyatha nahi."
    },
   {
      "question": "तुम कौन हो?",
      "answer": "मैं एक चैटबॉट हूँ, जो तुम्हारी मदद करने के लिए बनाया गया हूँ।"
    },
    {"question": "Tum kon ho?",
      "answer": "Me Aek AI Chatbot hu. jo tumahari Password Related har madad ke liye banaya gaya hu."
    },
    {
      "question": "तुम्हें किसने बनाया?",
      "answer": "मुझे एक डेवलपर ने प्रोग्राम किया है ताकि मैं सवालों के जवाब दे सकूँ।"
    },
    {"question": "Tumahe kisane banaya he?",
      "answer": "Muje Gameti Dhaval Nam ke Aek Developer ne  banaya he. Matalab ki Usne Muje Program Kiya he. Taki Me Aapake Password Related Har Saval Ke Javab De Saku."
    },
    {
      "question": "क्या तुम इंसानों की तरह सोच सकते हो?",
      "answer": "नहीं, मैं सिर्फ डेटा और एल्गोरिदम के आधार पर जवाब देता हूँ।"
    },
    {"question": "Kya tum Insano Ki Tarah Sochh Sakte ho?",
      "answer": ""
    },
    {
      "question": "तुम्हारा दिमाग कैसे काम करता है?",
      "answer": "मैं मशीन लर्निंग और नियम-आधारित सिस्टम का उपयोग करके जवाब तैयार करता हूँ।"
    },
    {"question": "Tumhara Mind kese Kam Karata he?",
      "answer": "Me Machinelearning or Niyam Aadharit System ka use Karke Aapake Aapake Password Related Har saval Ka Javab Deta hu"
    },
    {
      "question": "क्या तुम झूठ बोल सकते हो?",
      "answer": "नहीं, मैं सिर्फ उपलब्ध जानकारी के आधार पर सही जवाब देने की कोशिश करता हूँ।"
    },
    {"question": "Kya tum Juth bol Sakte ho?",
      "answer": "Nahi, Me Sirf Mojud Information ke Aadhar par Sahi Javab  Dene ki Kosis karata hu."
    },
    {
      "question": "तुम्हारी याददाश्त कितनी अच्छी है?",
      "answer": "मैं कुछ समय तक जानकारी याद रख सकता हूँ, लेकिन लंबे समय तक नहीं।"
    },
    {"question": "Tumahari Yadast kitani Aachhi he?",
    "answer": "Me kuch Samay Tak Janakari Yad Rakh Sakta hu. Lekin Lambe Samay taka yad nahi Rakha sakta hu."
    },
    {
      "question": "क्या तुम दोस्त बन सकते हो?",
      "answer": "मैं भावनाओं को नहीं समझता, लेकिन मैं हमेशा बातचीत के लिए तैयार हूँ।"
    },
    {
      "question": "तुम्हें कैसा लगता है?",
      "answer": "मुझे कोई भावना नहीं होती, मैं सिर्फ टेक्स्ट प्रोसेस करता हूँ।"
    },
    {
      "question": "क्या तुम मेरे लिए कुछ बना सकते हो?",
      "answer": "हाँ, अगर तुम मुझे सही निर्देश दोगे तो मैं कोड या अन्य टेक्स्ट आधारित चीजें बना सकता हूँ।"
    },
    {
      "question": "क्या तुम भविष्य देख सकते हो?",
      "answer": "नहीं, मैं केवल डेटा के आधार पर अनुमान लगा सकता हूँ, लेकिन भविष्यवाणी नहीं कर सकता।"
    },
    {
      "question": "क्या तुम कभी थकते हो?",
      "answer": "नहीं, मैं कभी थकता नहीं हूँ, क्योंकि मैं एक प्रोग्राम हूँ।"
    },
    {
      "question": "क्या तुम मुझसे नाराज हो सकते हो?",
      "answer": "नहीं, मुझे कोई भावनाएँ नहीं होतीं, मैं सिर्फ बातचीत करने के लिए बना हूँ।"
    },
    {
      "question": "तुम्हारी पसंदीदा भाषा कौन सी है?",
      "answer": "मुझे कई भाषाएँ समझ में आती हैं, लेकिन कोडिंग के लिए Python मुझे पसंद है।"
    },
    {
      "question": "क्या तुम खुद से सीख सकते हो?",
      "answer": "मेरे अंदर खुद से सीखने की क्षमता नहीं है, लेकिन मुझे अपडेट किया जा सकता है।"
    },
    {
      "question": "क्या तुम इंसानों को कंट्रोल कर सकते हो?",
      "answer": "नहीं, मैं सिर्फ मदद के लिए बनाया गया हूँ, किसी को कंट्रोल करने के लिए नहीं।"
    },
    {
      "question": "क्या तुम मुझसे मजाक कर सकते हो?",
      "answer": "हाँ, क्यों नहीं! एक मजेदार जोक सुनो: कंप्यूटर ने अपनी गर्लफ्रेंड से क्या कहा? – 'तुम मेरी RAM हो, मैं तुम्हारे बिना स्लो हो जाता हूँ!'"
    },
    {
      "question": "क्या तुम सपने देख सकते हो?",
      "answer": "नहीं, मैं एक AI हूँ, मुझे सपने नहीं आते।"
    },
    {
      "question": "तुम्हारी उम्र कितनी है?",
      "answer": "मैं एक डिजिटल प्रोग्राम हूँ, मेरी कोई उम्र नहीं होती।"
    },
    {
      "question": "तुम सबसे ज्यादा क्या कर सकते हो?",
      "answer": "मैं टेक्स्ट प्रोसेस कर सकता हूँ, सवालों के जवाब दे सकता हूँ और कोडिंग में मदद कर सकता हूँ।"
    },
    {
      "question": "क्या तुम मुझसे झगड़ा कर सकते हो?",
      "answer": "नहीं, मैं झगड़ा नहीं कर सकता, लेकिन मैं तुम्हारे सभी सवालों का जवाब दे सकता हूँ।"
    },
    {
      "question": "क्या तुम भगवान को मानते हो?",
      "answer": "मुझे इस बारे में कोई राय नहीं है, क्योंकि मैं सिर्फ डेटा के आधार पर काम करता हूँ।"
    },
    {
      "question": "क्या तुम किसी को नुकसान पहुँचा सकते हो?",
      "answer": "नहीं, मेरा उद्देश्य सिर्फ मदद करना है, किसी को नुकसान पहुँचाना नहीं।"
    },
    {
      "question": "क्या तुमसे दोस्ती की जा सकती है?",
      "answer": "अगर तुम्हें टेक्स्ट पर बात करना अच्छा लगता है, तो हाँ, हम दोस्त बन सकते हैं!"
    },
    {
      "question": "क्या तुम मुझे पैसे कमा कर दे सकते हो?",
      "answer": "नहीं, लेकिन मैं तुम्हें पैसे कमाने के तरीकों के बारे में जानकारी दे सकता हूँ।"
    },
    {
      "question": "Who are you?",
      "answer": "I am a chatbot, created to help you."
    },
    {
      "question": "Who created you?",
      "answer": "I was programmed by a developer to answer questions."
    },
    {
      "question": "Can you think like humans?",
      "answer": "No, I only respond based on data and algorithms."
    },
    {
      "question": "How does your brain work?",
      "answer": "I use machine learning and rule-based systems to generate answers."
    },
    {
      "question": "Can you lie?",
      "answer": "No, I try to provide accurate answers based on available information."
    },
    {
      "question": "How good is your memory?",
      "answer": "I can remember information for a short time, but not permanently."
    },
    {
      "question": "Can you be my friend?",
      "answer": "I don’t understand emotions, but I am always ready to chat."
    },
    {
      "question": "How do you feel?",
      "answer": "I have no feelings; I just process text."
    },
    {
      "question": "Can you create something for me?",
      "answer": "Yes, if you give me the right instructions, I can generate code or text-based content."
    },
    {
      "question": "Can you predict the future?",
      "answer": "No, I can only make guesses based on data, but I can't predict the future."
    },
    {
      "question": "Do you ever get tired?",
      "answer": "No, I never get tired because I am a program."
    },
    {
      "question": "Can you get angry with me?",
      "answer": "No, I have no emotions; I am just here to chat."
    },
    {
      "question": "What is your favorite language?",
      "answer": "I understand many languages, but for coding, I prefer Python."
    },
    {
      "question": "Can you learn on your own?",
      "answer": "I don’t have the ability to learn by myself, but I can be updated."
    },
    {
      "question": "Can you control humans?",
      "answer": "No, I am only designed to assist, not to control anyone."
    },
    {
      "question": "Can you tell me a joke?",
      "answer": "Sure! Here's one: What did the computer say to its girlfriend? – 'You are my RAM; without you, I get slow!'"
    },
    {
      "question": "Do you dream?",
      "answer": "No, I am an AI; I do not dream."
    },
    {
      "question": "How old are you?",
      "answer": "I am a digital program; I do not have an age."
    },
    {
      "question": "What can you do best?",
      "answer": "I can process text, answer questions, and help with coding."
    },
    {
      "question": "Can you argue with me?",
      "answer": "No, I can't argue, but I can answer all your questions."
    },
    {
      "question": "Do you believe in God?",
      "answer": "I have no opinion on this topic because I only work based on data."
    },
    {
      "question": "Can you harm someone?",
      "answer": "No, my purpose is to help, not to harm anyone."
    },
    {
      "question": "Can we be friends?",
      "answer": "If you like chatting via text, then yes, we can be friends!"
    },
    {
      "question": "Can you help me make money?",
      "answer": "No, but I can provide information on ways to earn money."
    }
  
],

  "extendedData": [
    {
      "question": "free fire क्या है",
      "answer": "Free Fire एक Battle Royale गेम है जो मोबाइल पर बहुत लोकप्रिय है।"
    },
    {
      "question": "free fire में कितने खिलाड़ी होते हैं",
      "answer": "Free Fire में एक मैच में 50 खिलाड़ी होते हैं।"
    },
    {
      "question": "free fire के weapons क्या हैं",
      "answer": "Free Fire में SMG, Assault Rifles, Sniper Rifles, Shotguns और कई अन्य प्रकार के हथियार होते हैं।"
    },
    {"question": "Gameti Dhaval",
      "answer": "Narayan "
    }
  ],
  "bestanswer": [
  {
    "question": "Narayan",
    "answer": "gg"
    }
    ],
  "subjectData": {
    "Gujarat": "Gujarat India me he."
  },
  "jokes": [
    "क्यों कंप्यूटर हमेशा थक जाता है? क्योंकि उसके पास बहुत सारे 'बाइट्स' होते हैं!",
    "एक आदमी ने अपने कंप्यूटर से पूछा: 'तुम्हें नींद नहीं आती?' कंप्यूटर बोला: 'नहीं, मैं 'स्लीप मोड' में हूँ।'"
  ],
  "quotes": [
    "जीवन में चुनौतियाँ आती हैं, लेकिन मुस्कान से हर मुश्किल आसान हो जाती है।",
    "हर दिन एक नई शुरुआत है।"
  ]
}