{
  "localBlacklist": [
    "phishingsite1.com", "phishingsite2.com", "fakebank.com", "maliciousdomain.net",
    "phishing-example.org", "scamsite.biz", "dangerouslink.info", "fraudulent-site.co",
    "phishnow.online", "deceptiveportal.com", "hackerpage.net", "fakeshopping.com",
    "creditcardsteal.org", "untrusted-payments.net", "illegalcasino.org", "unknowncharity.co",
    "spammysite.biz", "quickloanfraud.com", "scammerhub.net", "darkweblink.xyz",
    "ransomwareattack.net", "bitcoininvestment.scam", "loanfraud.co", "passwordstealer.com",
    "socialhack.biz", "fakefundraiser.net", "jobscamalerts.info", "bankloginsecure.org",
    "identitytheftpro.com", "antivirusupdatefake.com", "emailverificationscam.net",
    "lotterywinnerclaim.xyz", "secretfreegift.biz", "newaccountsecuremail.com",
    "govtgrantfraud.net", "donationrequestfake.org", "freemoneyoffer.site",
    "unclaimedprizescam.net", "investmentscheme.online", "quickloanapproval.biz",
    "bitcoinminingfraud.info", "credithistoryfix.scam", "exclusiveofferdeal.xyz",
    "yourbanksecurelogin.co", "urgentaccountupdate.net", "fakeamazonreward.com",
    "telegramgiveaway.scam", "whatsappsecurelink.info", "netflixfreemonth.biz",
    "paypalaccountverify.xyz", "freev-bucks.online", "robloxcoinsfree.net",
    "fortnitevbucks.scam", "steampromooffer.site", "epicgamesloginupdate.com",
    "microsoftpasswordreset.xyz", "suspiciousloginactivity.net"
  ],
  "pornBlacklist": [
    "freepornvideos.com", "xxxstreaming.net", "hdfreeporn.tv", "bestsexsites.biz",
    "hardcoremovies.online", "secretsexhub.co", "unverifiedcams.xyz", "livehotgirls.com",
    "naughtytube.info", "adultfunclub.net", "hotvideostreams.biz", "uncensoredclips.org",
    "bestpornsiteslist.top", "fullhdnudes.scam", "clickfornudes.xyz", "livechatcamgirls.com",
    "instantsexdate.net", "watchfreeporn.co", "pornhub-clone.site", "xvideosmirror.net",
    "onlyfansleaks.online", "camslivexxx.com", "sexchatroom.online", "adultfriendfinder-scam.net",
    "premiumpornpass.xyz", "naughtyamerica-fake.com", "freexxxmovies.net", "instantfuckdate.org"
  ],
  "knownBrands": [
    "google.com", "facebook.com", "paypal.com", "amazon.com", "twitter.com",
    "linkedin.com", "apple.com", "microsoft.com", "netflix.com", "instagram.com",
    "youtube.com", "whatsapp.com", "github.com", "stackoverflow.com", "reddit.com",
    "snapchat.com", "discord.com", "adobe.com", "spotify.com", "twitch.tv",
    "ebay.com", "uber.com", "airbnb.com", "tesla.com", "samsung.com",
    "nvidia.com", "intel.com", "dell.com", "hp.com", "lenovo.com",
    "zoom.us", "dropbox.com", "cloudflare.com", "oracle.com", "ibm.com",
    "atlassian.com", "bitbucket.org", "salesforce.com", "slack.com",
    "trello.com", "shopify.com", "stripe.com"
  ],
  "dnsRecords": {
    "phishingsite1.com": { "A": ["192.168.1.101"], "MX": ["mail.phishingsite1.com"] },
    "dangerouslink.info": { "A": ["192.0.2.88"], "MX": ["mail.dangerouslink.info"] },
    "hackerpage.net": { "A": ["203.0.113.201"], "MX": ["mail.hackerpage.net"] },
    "passwordstealer.com": { "A": ["203.0.113.205"], "MX": ["mail.passwordstealer.com"] },
    "fakefundraiser.net": { "A": ["203.0.113.207"], "MX": ["mail.fakefundraiser.net"] },
    "telegramgiveaway.scam": { "A": ["203.0.113.210"], "MX": ["mail.telegramgiveaway.scam"] },
    "freepornvideos.com": { "A": ["203.0.113.215"], "MX": ["mail.freepornvideos.com"] },
    "xxxstreaming.net": { "A": ["192.0.2.222"], "MX": ["mail.xxxstreaming.net"] }
  },
  "textAnalysisData": {
    "spamWords": [
      "free", "win", "click now", "limited offer", "act now", "prize",
      "lottery", "bonus", "congratulations", "exclusive deal", "claim reward",
      "urgent", "you won", "lucky draw", "instant cash", "get rich",
      "no risk", "guaranteed", "secret trick", "quick money", "earn today"
    ],
    "capitalizationThreshold": 0.8,
    "grammarErrorCount": 10,
    "adultContentIndicators": ["xxx", "nude", "sex", "hot video", "uncensored", "live cam"]
  },
  "contentStructureData": {
    "formsThreshold": 5,
    "linksThreshold": 15,
    "iframeUsage": true,
    "popupAdsCount": 10,
    "autoPlayVideos": true
  },
  "userHistory": {
    "phishingsite1.com": "phishing",
    "dangerouslink.info": "phishing",
    "hackerpage.net": "phishing",
    "freepornvideos.com": "adult",
    "xxxstreaming.net": "adult",
    "livehotgirls.com": "adult",
    "google.com": "safe",
    "facebook.com": "safe",
    "amazon.com": "safe",
    "paypal.com": "safe",
    "github.com": "safe",
    "spotify.com": "safe"
  },
  "redirectionVisualization": {
    "diagramStyle": "→",
    "exampleRedirections": {
      "fraudulent-site.co": "→ fakebank.com → creditcardsteal.org",
      "phishnow.online": "→ scamsite.biz → phishing-example.org",
      "darkweblink.xyz": "→ ransomwareattack.net → illegalcasino.org",
      "spammysite.biz": "→ quickloanfraud.com → untrusted-payments.net",
      "freepornvideos.com": "→ xxxstreaming.net → bestsexsites.biz"
    }
  }
}